[
{
    "fields": {
        "model": "logentry",
        "name": "log entry",
        "app_label": "admin"
    },
    "model": "contenttypes.contenttype",
    "pk": 1
},
{
    "fields": {
        "model": "permission",
        "name": "permission",
        "app_label": "auth"
    },
    "model": "contenttypes.contenttype",
    "pk": 2
},
{
    "fields": {
        "model": "group",
        "name": "group",
        "app_label": "auth"
    },
    "model": "contenttypes.contenttype",
    "pk": 3
},
{
    "fields": {
        "model": "user",
        "name": "user",
        "app_label": "auth"
    },
    "model": "contenttypes.contenttype",
    "pk": 4
},
{
    "fields": {
        "model": "contenttype",
        "name": "content type",
        "app_label": "contenttypes"
    },
    "model": "contenttypes.contenttype",
    "pk": 5
},
{
    "fields": {
        "model": "session",
        "name": "session",
        "app_label": "sessions"
    },
    "model": "contenttypes.contenttype",
    "pk": 6
},
{
    "fields": {
        "model": "usersocialauth",
        "name": "user social auth",
        "app_label": "social_auth"
    },
    "model": "contenttypes.contenttype",
    "pk": 7
},
{
    "fields": {
        "model": "nonce",
        "name": "nonce",
        "app_label": "social_auth"
    },
    "model": "contenttypes.contenttype",
    "pk": 8
},
{
    "fields": {
        "model": "association",
        "name": "association",
        "app_label": "social_auth"
    },
    "model": "contenttypes.contenttype",
    "pk": 9
},
{
    "fields": {
        "model": "artist",
        "name": "artist",
        "app_label": "radio_metadata"
    },
    "model": "contenttypes.contenttype",
    "pk": 10
},
{
    "fields": {
        "model": "album",
        "name": "album",
        "app_label": "radio_metadata"
    },
    "model": "contenttypes.contenttype",
    "pk": 11
},
{
    "fields": {
        "model": "track",
        "name": "track",
        "app_label": "radio_metadata"
    },
    "model": "contenttypes.contenttype",
    "pk": 12
},
{
    "fields": {
        "model": "player",
        "name": "player",
        "app_label": "radio_players"
    },
    "model": "contenttypes.contenttype",
    "pk": 13
},
{
    "fields": {
        "model": "playlist",
        "name": "playlist",
        "app_label": "radio_playlists"
    },
    "model": "contenttypes.contenttype",
    "pk": 14
},
{
    "fields": {
        "model": "playlisttrack",
        "name": "playlist track",
        "app_label": "radio_playlists"
    },
    "model": "contenttypes.contenttype",
    "pk": 15
},
{
    "fields": {
        "model": "queue",
        "name": "queue",
        "app_label": "radio_queue"
    },
    "model": "contenttypes.contenttype",
    "pk": 16
},
{
    "fields": {
        "model": "queuetrack",
        "name": "queue track",
        "app_label": "radio_queue"
    },
    "model": "contenttypes.contenttype",
    "pk": 17
},
{
    "fields": {
        "model": "queuetrackhistory",
        "name": "queue track history",
        "app_label": "radio_queue"
    },
    "model": "contenttypes.contenttype",
    "pk": 18
},
{
    "fields": {
        "model": "profile",
        "name": "profile",
        "app_label": "radio_users"
    },
    "model": "contenttypes.contenttype",
    "pk": 20
},
{
    "fields": {
        "model": "token",
        "name": "token",
        "app_label": "authtoken"
    },
    "model": "contenttypes.contenttype",
    "pk": 21
},
{
    "fields": {
        "source_id": "5e1BZulIiYWPRm8yogwUYH",
        "source_type": "spotify",
        "name": "Tegan And Sara"
    },
    "model": "radio_metadata.artist",
    "pk": 1
},
{
    "fields": {
        "source_id": "1f5GqyOPo0CkotzzRwviBu",
        "source_type": "spotify",
        "name": "The Lonely Island"
    },
    "model": "radio_metadata.artist",
    "pk": 2
},
{
    "fields": {
        "source_id": "5t28BP42x2axFnqOOMg3CM",
        "source_type": "spotify",
        "name": "Five Finger Death Punch"
    },
    "model": "radio_metadata.artist",
    "pk": 3
},
{
    "fields": {
        "source_id": "7jy3rLJdDQY21OgRLCZ9sD",
        "source_type": "spotify",
        "name": "Foo Fighters"
    },
    "model": "radio_metadata.artist",
    "pk": 4
},
{
    "fields": {
        "source_id": "2097360",
        "source_type": "soundcloud",
        "name": "Foo Fighters"
    },
    "model": "radio_metadata.artist",
    "pk": 5
},
{
    "fields": {
        "source_id": "50707660",
        "source_type": "soundcloud",
        "name": "MightyGuitarSmith"
    },
    "model": "radio_metadata.artist",
    "pk": 6
},
{
    "fields": {
        "source_id": "43200475",
        "source_type": "soundcloud",
        "name": "TheKrazyK101"
    },
    "model": "radio_metadata.artist",
    "pk": 7
},
{
    "fields": {
        "source_id": "6deZN1bslXzeGvOLaLMOIF",
        "source_type": "spotify",
        "name": "Nickelback"
    },
    "model": "radio_metadata.artist",
    "pk": 8
},
{
    "fields": {
        "source_id": "26695244",
        "source_type": "soundcloud",
        "name": "ikhsanrpg"
    },
    "model": "radio_metadata.artist",
    "pk": 9
},
{
    "fields": {
        "source_id": "4dt9zkhCdk7AwpYDSlyVyW",
        "source_type": "spotify",
        "name": "The Lego\u00ae Movie: Original Motion Picture Soundtrack"
    },
    "model": "radio_metadata.album",
    "pk": 1
},
{
    "fields": {
        "source_id": "6vMTdFzBPjyrBSFkCvjUh3",
        "source_type": "spotify",
        "name": "The Wrong Side Of Heaven And The Righteous Side Of Hell, Volume 1"
    },
    "model": "radio_metadata.album",
    "pk": 2
},
{
    "fields": {
        "source_id": "1zCNrbPpz5OLSr6mSpPdKm",
        "source_type": "spotify",
        "name": "Greatest Hits"
    },
    "model": "radio_metadata.album",
    "pk": 3
},
{
    "fields": {
        "source_id": "5fKL7vMTXvhR9tov8Kqt3u",
        "source_type": "spotify",
        "name": "Silver Side Up"
    },
    "model": "radio_metadata.album",
    "pk": 4
},
{
    "fields": {
        "codename": "add_logentry",
        "name": "Can add log entry",
        "content_type": 1
    },
    "model": "auth.permission",
    "pk": 1
},
{
    "fields": {
        "codename": "change_logentry",
        "name": "Can change log entry",
        "content_type": 1
    },
    "model": "auth.permission",
    "pk": 2
},
{
    "fields": {
        "codename": "delete_logentry",
        "name": "Can delete log entry",
        "content_type": 1
    },
    "model": "auth.permission",
    "pk": 3
},
{
    "fields": {
        "codename": "add_permission",
        "name": "Can add permission",
        "content_type": 2
    },
    "model": "auth.permission",
    "pk": 4
},
{
    "fields": {
        "codename": "change_permission",
        "name": "Can change permission",
        "content_type": 2
    },
    "model": "auth.permission",
    "pk": 5
},
{
    "fields": {
        "codename": "delete_permission",
        "name": "Can delete permission",
        "content_type": 2
    },
    "model": "auth.permission",
    "pk": 6
},
{
    "fields": {
        "codename": "add_group",
        "name": "Can add group",
        "content_type": 3
    },
    "model": "auth.permission",
    "pk": 7
},
{
    "fields": {
        "codename": "change_group",
        "name": "Can change group",
        "content_type": 3
    },
    "model": "auth.permission",
    "pk": 8
},
{
    "fields": {
        "codename": "delete_group",
        "name": "Can delete group",
        "content_type": 3
    },
    "model": "auth.permission",
    "pk": 9
},
{
    "fields": {
        "codename": "add_user",
        "name": "Can add user",
        "content_type": 4
    },
    "model": "auth.permission",
    "pk": 10
},
{
    "fields": {
        "codename": "change_user",
        "name": "Can change user",
        "content_type": 4
    },
    "model": "auth.permission",
    "pk": 11
},
{
    "fields": {
        "codename": "delete_user",
        "name": "Can delete user",
        "content_type": 4
    },
    "model": "auth.permission",
    "pk": 12
},
{
    "fields": {
        "codename": "add_contenttype",
        "name": "Can add content type",
        "content_type": 5
    },
    "model": "auth.permission",
    "pk": 13
},
{
    "fields": {
        "codename": "change_contenttype",
        "name": "Can change content type",
        "content_type": 5
    },
    "model": "auth.permission",
    "pk": 14
},
{
    "fields": {
        "codename": "delete_contenttype",
        "name": "Can delete content type",
        "content_type": 5
    },
    "model": "auth.permission",
    "pk": 15
},
{
    "fields": {
        "codename": "add_session",
        "name": "Can add session",
        "content_type": 6
    },
    "model": "auth.permission",
    "pk": 16
},
{
    "fields": {
        "codename": "change_session",
        "name": "Can change session",
        "content_type": 6
    },
    "model": "auth.permission",
    "pk": 17
},
{
    "fields": {
        "codename": "delete_session",
        "name": "Can delete session",
        "content_type": 6
    },
    "model": "auth.permission",
    "pk": 18
},
{
    "fields": {
        "codename": "add_usersocialauth",
        "name": "Can add user social auth",
        "content_type": 7
    },
    "model": "auth.permission",
    "pk": 19
},
{
    "fields": {
        "codename": "change_usersocialauth",
        "name": "Can change user social auth",
        "content_type": 7
    },
    "model": "auth.permission",
    "pk": 20
},
{
    "fields": {
        "codename": "delete_usersocialauth",
        "name": "Can delete user social auth",
        "content_type": 7
    },
    "model": "auth.permission",
    "pk": 21
},
{
    "fields": {
        "codename": "add_nonce",
        "name": "Can add nonce",
        "content_type": 8
    },
    "model": "auth.permission",
    "pk": 22
},
{
    "fields": {
        "codename": "change_nonce",
        "name": "Can change nonce",
        "content_type": 8
    },
    "model": "auth.permission",
    "pk": 23
},
{
    "fields": {
        "codename": "delete_nonce",
        "name": "Can delete nonce",
        "content_type": 8
    },
    "model": "auth.permission",
    "pk": 24
},
{
    "fields": {
        "codename": "add_association",
        "name": "Can add association",
        "content_type": 9
    },
    "model": "auth.permission",
    "pk": 25
},
{
    "fields": {
        "codename": "change_association",
        "name": "Can change association",
        "content_type": 9
    },
    "model": "auth.permission",
    "pk": 26
},
{
    "fields": {
        "codename": "delete_association",
        "name": "Can delete association",
        "content_type": 9
    },
    "model": "auth.permission",
    "pk": 27
},
{
    "fields": {
        "codename": "add_artist",
        "name": "Can add artist",
        "content_type": 10
    },
    "model": "auth.permission",
    "pk": 28
},
{
    "fields": {
        "codename": "change_artist",
        "name": "Can change artist",
        "content_type": 10
    },
    "model": "auth.permission",
    "pk": 29
},
{
    "fields": {
        "codename": "delete_artist",
        "name": "Can delete artist",
        "content_type": 10
    },
    "model": "auth.permission",
    "pk": 30
},
{
    "fields": {
        "codename": "add_album",
        "name": "Can add album",
        "content_type": 11
    },
    "model": "auth.permission",
    "pk": 31
},
{
    "fields": {
        "codename": "change_album",
        "name": "Can change album",
        "content_type": 11
    },
    "model": "auth.permission",
    "pk": 32
},
{
    "fields": {
        "codename": "delete_album",
        "name": "Can delete album",
        "content_type": 11
    },
    "model": "auth.permission",
    "pk": 33
},
{
    "fields": {
        "codename": "add_track",
        "name": "Can add track",
        "content_type": 12
    },
    "model": "auth.permission",
    "pk": 34
},
{
    "fields": {
        "codename": "change_track",
        "name": "Can change track",
        "content_type": 12
    },
    "model": "auth.permission",
    "pk": 35
},
{
    "fields": {
        "codename": "delete_track",
        "name": "Can delete track",
        "content_type": 12
    },
    "model": "auth.permission",
    "pk": 36
},
{
    "fields": {
        "codename": "add_player",
        "name": "Can add player",
        "content_type": 13
    },
    "model": "auth.permission",
    "pk": 37
},
{
    "fields": {
        "codename": "change_player",
        "name": "Can change player",
        "content_type": 13
    },
    "model": "auth.permission",
    "pk": 38
},
{
    "fields": {
        "codename": "delete_player",
        "name": "Can delete player",
        "content_type": 13
    },
    "model": "auth.permission",
    "pk": 39
},
{
    "fields": {
        "codename": "add_playlist",
        "name": "Can add playlist",
        "content_type": 14
    },
    "model": "auth.permission",
    "pk": 40
},
{
    "fields": {
        "codename": "change_playlist",
        "name": "Can change playlist",
        "content_type": 14
    },
    "model": "auth.permission",
    "pk": 41
},
{
    "fields": {
        "codename": "delete_playlist",
        "name": "Can delete playlist",
        "content_type": 14
    },
    "model": "auth.permission",
    "pk": 42
},
{
    "fields": {
        "codename": "add_playlisttrack",
        "name": "Can add playlist track",
        "content_type": 15
    },
    "model": "auth.permission",
    "pk": 43
},
{
    "fields": {
        "codename": "change_playlisttrack",
        "name": "Can change playlist track",
        "content_type": 15
    },
    "model": "auth.permission",
    "pk": 44
},
{
    "fields": {
        "codename": "delete_playlisttrack",
        "name": "Can delete playlist track",
        "content_type": 15
    },
    "model": "auth.permission",
    "pk": 45
},
{
    "fields": {
        "codename": "add_queue",
        "name": "Can add queue",
        "content_type": 16
    },
    "model": "auth.permission",
    "pk": 46
},
{
    "fields": {
        "codename": "change_queue",
        "name": "Can change queue",
        "content_type": 16
    },
    "model": "auth.permission",
    "pk": 47
},
{
    "fields": {
        "codename": "delete_queue",
        "name": "Can delete queue",
        "content_type": 16
    },
    "model": "auth.permission",
    "pk": 48
},
{
    "fields": {
        "codename": "add_queuetrack",
        "name": "Can add queue track",
        "content_type": 17
    },
    "model": "auth.permission",
    "pk": 49
},
{
    "fields": {
        "codename": "change_queuetrack",
        "name": "Can change queue track",
        "content_type": 17
    },
    "model": "auth.permission",
    "pk": 50
},
{
    "fields": {
        "codename": "delete_queuetrack",
        "name": "Can delete queue track",
        "content_type": 17
    },
    "model": "auth.permission",
    "pk": 51
},
{
    "fields": {
        "codename": "add_queuetrackhistory",
        "name": "Can add queue track history",
        "content_type": 18
    },
    "model": "auth.permission",
    "pk": 52
},
{
    "fields": {
        "codename": "change_queuetrackhistory",
        "name": "Can change queue track history",
        "content_type": 18
    },
    "model": "auth.permission",
    "pk": 53
},
{
    "fields": {
        "codename": "delete_queuetrackhistory",
        "name": "Can delete queue track history",
        "content_type": 18
    },
    "model": "auth.permission",
    "pk": 54
},
{
    "fields": {
        "codename": "add_profile",
        "name": "Can add profile",
        "content_type": 20
    },
    "model": "auth.permission",
    "pk": 58
},
{
    "fields": {
        "codename": "change_profile",
        "name": "Can change profile",
        "content_type": 20
    },
    "model": "auth.permission",
    "pk": 59
},
{
    "fields": {
        "codename": "delete_profile",
        "name": "Can delete profile",
        "content_type": 20
    },
    "model": "auth.permission",
    "pk": 60
},
{
    "fields": {
        "codename": "add_token",
        "name": "Can add token",
        "content_type": 21
    },
    "model": "auth.permission",
    "pk": 61
},
{
    "fields": {
        "codename": "change_token",
        "name": "Can change token",
        "content_type": 21
    },
    "model": "auth.permission",
    "pk": 62
},
{
    "fields": {
        "codename": "delete_token",
        "name": "Can delete token",
        "content_type": 21
    },
    "model": "auth.permission",
    "pk": 63
},
{
    "fields": {
        "username": "admin",
        "first_name": "",
        "last_name": "",
        "is_active": true,
        "is_superuser": true,
        "is_staff": true,
        "last_login": "2014-08-20T13:20:27.733Z",
        "groups": [],
        "user_permissions": [],
        "password": "pbkdf2_sha256$12000$bLjXxXDflLBl$6kCogAOIgBf6llAZ/bl9C4+Rzg/rWuGC+odOgDr9FiA=",
        "email": "admin@rehabstudio.com",
        "date_joined": "2014-08-14T15:42:28.776Z"
    },
    "model": "auth.user",
    "pk": 12
},
{
    "fields": {
        "username": "Mark McConnell",
        "first_name": "Mark",
        "last_name": "McConnell",
        "is_active": true,
        "is_superuser": false,
        "is_staff": false,
        "last_login": "2014-08-14T16:14:03.335Z",
        "groups": [],
        "user_permissions": [],
        "password": "pbkdf2_sha256$12000$4MQGCn7M5vps$WixZUxaVFOEMTo/Da0CJIeE6S8tDTZN17s86CMoNuYU=",
        "email": "mark@rehabstudio.com",
        "date_joined": "2014-08-14T16:14:03.335Z"
    },
    "model": "auth.user",
    "pk": 13
},
{
    "fields": {
        "username": "frank",
        "first_name": "",
        "last_name": "",
        "is_active": true,
        "is_superuser": true,
        "is_staff": true,
        "last_login": "2014-08-18T09:58:07.955Z",
        "groups": [],
        "user_permissions": [],
        "password": "pbkdf2_sha256$12000$HBG7nEVm1h1x$eHlbh0SKZ81Wy7wMm9rxpF1h+gOFsOYS+St4Y3YvKm0=",
        "email": "rehabmusic.amazon@rehabstudio.com",
        "date_joined": "2014-08-18T09:58:07.955Z"
    },
    "model": "auth.user",
    "pk": 14
},
{
    "fields": {
        "username": "tetssdf",
        "first_name": "",
        "last_name": "",
        "is_active": true,
        "is_superuser": true,
        "is_staff": true,
        "last_login": "2014-08-20T13:12:03.637Z",
        "groups": [],
        "user_permissions": [],
        "password": "pbkdf2_sha256$12000$VsaXwVE0XaE0$LZnA2zdJ8lEgdfUKU2PU0uGpZN0wmEwAFhpZ50VhZIk=",
        "email": "test@gmail.com",
        "date_joined": "2014-08-20T13:12:03.637Z"
    },
    "model": "auth.user",
    "pk": 15
},
{
    "fields": {
        "username": "asdfasdf",
        "first_name": "",
        "last_name": "",
        "is_active": true,
        "is_superuser": false,
        "is_staff": false,
        "last_login": "2014-08-20T13:20:33.277Z",
        "groups": [],
        "user_permissions": [],
        "password": "pbkdf2_sha256$12000$kSC07dzDtsua$uT52biZCeNwl+wEaVeMZoKhBjmTyz8FPWnjHrAzuEjc=",
        "email": "",
        "date_joined": "2014-08-20T13:20:33.277Z"
    },
    "model": "auth.user",
    "pk": 16
},
{
    "fields": {
        "album": 1,
        "image_large": "https://i.scdn.co/image/1fbdcc7c4464d74bcac3b3b400e4024a056984e9",
        "updated": "2014-08-18T08:17:55.397Z",
        "image_medium": "https://i.scdn.co/image/dda5b6587fe090b84c5789c5bcee299fed8a9aaa",
        "duration_ms": 163423,
        "name": "Everything Is AWESOME!!! (feat. The Lonely Island)",
        "created": "2014-08-18T08:17:55.397Z",
        "image_small": "https://i.scdn.co/image/a78a0c21745c15f6114602b7c9008d7abb90a8bf",
        "preview_url": "https://p.scdn.co/mp3-preview/6d3dfa99367e6d7c87b9f4465091ed9ae8033fc6",
        "owner": 12,
        "track_number": 1,
        "play_count": 0,
        "source_type": "spotify",
        "artists": [],
        "source_id": "3BaEKTqmjehu2qMDcv4UGk"
    },
    "model": "radio_metadata.track",
    "pk": 1
},
{
    "fields": {
        "album": 2,
        "image_large": "https://i.scdn.co/image/5fee8523d8db0a2f2eaf770e9816513870993807",
        "updated": "2014-08-18T08:18:14.652Z",
        "image_medium": "https://i.scdn.co/image/3bb14f1e7a0f0f0bfcd26992303857f08aa8a1a7",
        "duration_ms": 246209,
        "name": "Lift Me Up (feat. Rob Halford of Judas Priest)",
        "created": "2014-08-18T08:18:14.652Z",
        "image_small": "https://i.scdn.co/image/07eaba0ac7f8a453e5a1e22bf161a6a1667abb9f",
        "preview_url": "https://p.scdn.co/mp3-preview/d356516898c718786a5d008ae7cd8c5bc6fbfa02",
        "owner": 12,
        "track_number": 1,
        "play_count": 0,
        "source_type": "spotify",
        "artists": [],
        "source_id": "1LHZMWefF9502NPfArRfvP"
    },
    "model": "radio_metadata.track",
    "pk": 2
},
{
    "fields": {
        "album": 3,
        "image_large": "https://i.scdn.co/image/e08a4a69c8c83ecf2437f15ba706db3f35106a6b",
        "updated": "2014-08-18T08:18:32.850Z",
        "image_medium": "https://i.scdn.co/image/9ed1dc82d30f1b519a97659f401c2397cfd68878",
        "duration_ms": 249986,
        "name": "Everlong",
        "created": "2014-08-18T08:18:32.850Z",
        "image_small": "https://i.scdn.co/image/d181666ebeda1aa062a5f0250b85be6150badd0f",
        "preview_url": "https://p.scdn.co/mp3-preview/6d1148cd1ae8b8128eb00814ce31237c9fdb3b28",
        "owner": 12,
        "track_number": 3,
        "play_count": 0,
        "source_type": "spotify",
        "artists": [],
        "source_id": "07q6QTQXyPRCf7GbLakRPr"
    },
    "model": "radio_metadata.track",
    "pk": 3
},
{
    "fields": {
        "album": null,
        "image_large": "https://i1.sndcdn.com/artworks-000061422649-n1ngsr-t67x67.jpg?e76cf77",
        "updated": "2014-08-18T08:20:36.173Z",
        "image_medium": "https://i1.sndcdn.com/artworks-000061422649-n1ngsr-t300x300.jpg?e76cf77",
        "duration_ms": 269060,
        "name": "The Pretender",
        "created": "2014-08-18T08:20:36.173Z",
        "image_small": "https://i1.sndcdn.com/artworks-000061422649-n1ngsr-t500x500.jpg?e76cf77",
        "preview_url": "https://api.soundcloud.com/tracks/117723710/stream",
        "owner": 12,
        "track_number": 0,
        "play_count": 0,
        "source_type": "soundcloud",
        "artists": [],
        "source_id": "117723710"
    },
    "model": "radio_metadata.track",
    "pk": 4
},
{
    "fields": {
        "album": null,
        "image_large": "None",
        "updated": "2014-08-18T08:24:05.862Z",
        "image_medium": "None",
        "duration_ms": 270470,
        "name": "Avenge Sevenfold Shepard Of Fire",
        "created": "2014-08-18T08:24:05.862Z",
        "image_small": "None",
        "preview_url": "https://api.soundcloud.com/tracks/106574135/stream",
        "owner": 12,
        "track_number": 0,
        "play_count": 0,
        "source_type": "soundcloud",
        "artists": [],
        "source_id": "106574135"
    },
    "model": "radio_metadata.track",
    "pk": 5
},
{
    "fields": {
        "album": null,
        "image_large": "https://i1.sndcdn.com/artworks-000052774222-8f2zrv-t67x67.jpg?e76cf77",
        "updated": "2014-08-18T08:24:27.051Z",
        "image_medium": "https://i1.sndcdn.com/artworks-000052774222-8f2zrv-t300x300.jpg?e76cf77",
        "duration_ms": 188386,
        "name": "Mulan - I'll Make A Man Out Of You",
        "created": "2014-08-18T08:24:27.051Z",
        "image_small": "https://i1.sndcdn.com/artworks-000052774222-8f2zrv-t500x500.jpg?e76cf77",
        "preview_url": "https://api.soundcloud.com/tracks/100776471/stream",
        "owner": 12,
        "track_number": 0,
        "play_count": 0,
        "source_type": "soundcloud",
        "artists": [],
        "source_id": "100776471"
    },
    "model": "radio_metadata.track",
    "pk": 6
},
{
    "fields": {
        "album": 4,
        "image_large": "https://i.scdn.co/image/3511383bad5a00fc66b92f45b085019138a5ce9f",
        "updated": "2014-08-18T10:48:48.911Z",
        "image_medium": "https://i.scdn.co/image/a2f0f78e9ebc83a7cad6d7460fde2fd216bec82a",
        "duration_ms": 223746,
        "name": "How You Remind Me - LP Mix",
        "created": "2014-08-18T10:48:48.911Z",
        "image_small": "https://i.scdn.co/image/121064414f510454e81cb23ac0b828e7e79de153",
        "preview_url": "https://p.scdn.co/mp3-preview/6abbd15f9ae0c1b22da9f6176749bf3a4c68e4c6",
        "owner": 12,
        "track_number": 2,
        "play_count": 0,
        "source_type": "spotify",
        "artists": [],
        "source_id": "0gmbgwZ8iqyMPmXefof8Yf"
    },
    "model": "radio_metadata.track",
    "pk": 7
},
{
    "fields": {
        "album": null,
        "image_large": null,
        "updated": "2014-08-18T14:39:44.105Z",
        "image_medium": null,
        "duration_ms": 279275,
        "name": "Avenge sevenfold - dear God",
        "created": "2014-08-18T14:39:44.105Z",
        "image_small": null,
        "preview_url": "https://api.soundcloud.com/tracks/64393672/stream",
        "owner": 12,
        "track_number": 0,
        "play_count": 0,
        "source_type": "soundcloud",
        "artists": [],
        "source_id": "64393672"
    },
    "model": "radio_metadata.track",
    "pk": 8
},
{
    "fields": {
        "owner": 12,
        "updated": "2014-08-18T08:25:13.184Z",
        "created": "2014-08-18T08:25:13.184Z",
        "name": "Playlist One",
        "description": "First playlist"
    },
    "model": "radio_playlists.playlist",
    "pk": 1
},
{
    "fields": {
        "owner": 12,
        "updated": "2014-08-18T08:25:21.930Z",
        "created": "2014-08-18T08:25:21.930Z",
        "name": "Playlist Two",
        "description": "Second playlist"
    },
    "model": "radio_playlists.playlist",
    "pk": 2
},
{
    "fields": {
        "owner": 12,
        "updated": "2014-08-18T08:25:33.045Z",
        "created": "2014-08-18T08:25:33.045Z",
        "name": "Playlist Three",
        "description": "Third playlist"
    },
    "model": "radio_playlists.playlist",
    "pk": 3
},
{
    "fields": {
        "owner": 12,
        "updated": "2014-08-18T14:02:50.974Z",
        "created": "2014-08-18T14:02:50.974Z",
        "name": "asdf",
        "description": "asd"
    },
    "model": "radio_playlists.playlist",
    "pk": 5
},
{
    "fields": {
        "owner": 12,
        "updated": "2014-08-18T14:11:22.294Z",
        "created": "2014-08-18T14:11:22.294Z",
        "name": "sdfadf",
        "description": "qwerqwer"
    },
    "model": "radio_playlists.playlist",
    "pk": 6
},
{
    "fields": {
        "playlist": 1,
        "created": "2014-08-18T12:01:07.407Z",
        "track": 1,
        "updated": "2014-08-18T14:01:15.527Z",
        "owner": 12,
        "position": 1
    },
    "model": "radio_playlists.playlisttrack",
    "pk": 1
},
{
    "fields": {
        "playlist": 1,
        "created": "2014-08-18T12:01:10.115Z",
        "track": 2,
        "updated": "2014-08-18T14:01:15.560Z",
        "owner": 12,
        "position": 2
    },
    "model": "radio_playlists.playlisttrack",
    "pk": 2
},
{
    "fields": {
        "playlist": 1,
        "created": "2014-08-18T12:01:12.419Z",
        "track": 3,
        "updated": "2014-08-18T14:01:15.602Z",
        "owner": 12,
        "position": 3
    },
    "model": "radio_playlists.playlisttrack",
    "pk": 3
},
{
    "fields": {
        "playlist": 1,
        "created": "2014-08-18T12:01:20.302Z",
        "track": 4,
        "updated": "2014-08-18T14:01:15.628Z",
        "owner": 12,
        "position": 4
    },
    "model": "radio_playlists.playlisttrack",
    "pk": 4
},
{
    "fields": {
        "playlist": 1,
        "created": "2014-08-18T12:01:23.146Z",
        "track": 5,
        "updated": "2014-08-18T14:01:15.644Z",
        "owner": 12,
        "position": 5
    },
    "model": "radio_playlists.playlisttrack",
    "pk": 5
},
{
    "fields": {
        "playlist": 1,
        "created": "2014-08-18T12:01:25.513Z",
        "track": 6,
        "updated": "2014-08-18T14:01:15.660Z",
        "owner": 12,
        "position": 6
    },
    "model": "radio_playlists.playlisttrack",
    "pk": 6
},
{
    "fields": {
        "playlist": 1,
        "created": "2014-08-18T12:02:58.482Z",
        "track": 1,
        "updated": "2014-08-18T14:01:15.677Z",
        "owner": 12,
        "position": 7
    },
    "model": "radio_playlists.playlisttrack",
    "pk": 7
},
{
    "fields": {
        "playlist": 1,
        "created": "2014-08-18T12:03:46.599Z",
        "track": 2,
        "updated": "2014-08-18T14:01:15.694Z",
        "owner": 12,
        "position": 8
    },
    "model": "radio_playlists.playlisttrack",
    "pk": 8
},
{
    "fields": {
        "playlist": 1,
        "created": "2014-08-18T14:18:57.063Z",
        "track": 1,
        "updated": "2014-08-18T14:18:57.064Z",
        "owner": 12,
        "position": 9
    },
    "model": "radio_playlists.playlisttrack",
    "pk": 12
},
{
    "fields": {
        "owner": 12,
        "updated": "2014-08-15T09:08:20.717Z",
        "created": "2014-08-15T09:08:20.717Z",
        "name": "test",
        "description": "test"
    },
    "model": "radio_queue.queue",
    "pk": 1
},
{
    "fields": {
        "updated": "2014-08-18T15:10:43.155Z",
        "created": "2014-08-18T15:10:43.155Z",
        "track": 1,
        "queue": 1,
        "owner": 12,
        "position": 1
    },
    "model": "radio_queue.queuetrack",
    "pk": 1
},
{
    "fields": {
        "updated": "2014-08-18T15:38:40.277Z",
        "created": "2014-08-18T15:38:40.277Z",
        "track": 2,
        "queue": 1,
        "owner": 12,
        "position": 2
    },
    "model": "radio_queue.queuetrack",
    "pk": 2
},
{
    "fields": {
        "updated": "2014-08-18T15:39:08.510Z",
        "created": "2014-08-18T15:39:08.510Z",
        "track": 3,
        "queue": 1,
        "owner": 12,
        "position": 3
    },
    "model": "radio_queue.queuetrack",
    "pk": 3
},
{
    "fields": {
        "track": 1,
        "queue": 1,
        "owner": 12,
        "created": "2014-08-18T15:10:43.205Z"
    },
    "model": "radio_queue.queuetrackhistory",
    "pk": 1
},
{
    "fields": {
        "track": 2,
        "queue": 1,
        "owner": 12,
        "created": "2014-08-18T15:38:40.315Z"
    },
    "model": "radio_queue.queuetrackhistory",
    "pk": 2
},
{
    "fields": {
        "track": 3,
        "queue": 1,
        "owner": 12,
        "created": "2014-08-18T15:39:08.590Z"
    },
    "model": "radio_queue.queuetrackhistory",
    "pk": 3
},
{
    "fields": {
        "track": 4,
        "queue": 1,
        "owner": 12,
        "created": "2014-08-18T15:39:48.005Z"
    },
    "model": "radio_queue.queuetrackhistory",
    "pk": 4
},
{
    "fields": {
        "user": 12,
        "avatar": null
    },
    "model": "radio_users.profile",
    "pk": 4
},
{
    "fields": {
        "user": 13,
        "avatar": "https://lh4.googleusercontent.com/-9vyvO9wyfE8/AAAAAAAAAAI/AAAAAAAAAGs/R4STdrXTk-k/photo.jpg"
    },
    "model": "radio_users.profile",
    "pk": 5
},
{
    "fields": {
        "user": 14,
        "avatar": null
    },
    "model": "radio_users.profile",
    "pk": 6
},
{
    "fields": {
        "user": 15,
        "avatar": null
    },
    "model": "radio_users.profile",
    "pk": 7
},
{
    "fields": {
        "user": 16,
        "avatar": null
    },
    "model": "radio_users.profile",
    "pk": 8
}
]
