[
{
    "fields": {
        "model": "logentry",
        "name": "log entry",
        "app_label": "admin"
    },
    "model": "contenttypes.contenttype",
    "pk": 1
},
{
    "fields": {
        "model": "permission",
        "name": "permission",
        "app_label": "auth"
    },
    "model": "contenttypes.contenttype",
    "pk": 2
},
{
    "fields": {
        "model": "group",
        "name": "group",
        "app_label": "auth"
    },
    "model": "contenttypes.contenttype",
    "pk": 3
},
{
    "fields": {
        "model": "user",
        "name": "user",
        "app_label": "auth"
    },
    "model": "contenttypes.contenttype",
    "pk": 4
},
{
    "fields": {
        "model": "contenttype",
        "name": "content type",
        "app_label": "contenttypes"
    },
    "model": "contenttypes.contenttype",
    "pk": 5
},
{
    "fields": {
        "model": "session",
        "name": "session",
        "app_label": "sessions"
    },
    "model": "contenttypes.contenttype",
    "pk": 6
},
{
    "fields": {
        "model": "usersocialauth",
        "name": "user social auth",
        "app_label": "social_auth"
    },
    "model": "contenttypes.contenttype",
    "pk": 7
},
{
    "fields": {
        "model": "nonce",
        "name": "nonce",
        "app_label": "social_auth"
    },
    "model": "contenttypes.contenttype",
    "pk": 8
},
{
    "fields": {
        "model": "association",
        "name": "association",
        "app_label": "social_auth"
    },
    "model": "contenttypes.contenttype",
    "pk": 9
},
{
    "fields": {
        "model": "artist",
        "name": "artist",
        "app_label": "radio_metadata"
    },
    "model": "contenttypes.contenttype",
    "pk": 10
},
{
    "fields": {
        "model": "album",
        "name": "album",
        "app_label": "radio_metadata"
    },
    "model": "contenttypes.contenttype",
    "pk": 11
},
{
    "fields": {
        "model": "track",
        "name": "track",
        "app_label": "radio_metadata"
    },
    "model": "contenttypes.contenttype",
    "pk": 12
},
{
    "fields": {
        "model": "playlist",
        "name": "playlist",
        "app_label": "radio_playlists"
    },
    "model": "contenttypes.contenttype",
    "pk": 13
},
{
    "fields": {
        "model": "playlisttrack",
        "name": "playlist track",
        "app_label": "radio_playlists"
    },
    "model": "contenttypes.contenttype",
    "pk": 14
},
{
    "fields": {
        "model": "queuedtrack",
        "name": "queued track",
        "app_label": "radio_queue"
    },
    "model": "contenttypes.contenttype",
    "pk": 15
},
{
    "fields": {
        "model": "queuedtrackhistory",
        "name": "queued track history",
        "app_label": "radio_queue"
    },
    "model": "contenttypes.contenttype",
    "pk": 16
},
{
    "fields": {
        "model": "queuedtrackvote",
        "name": "queued track vote",
        "app_label": "radio_queue"
    },
    "model": "contenttypes.contenttype",
    "pk": 17
},
{
    "fields": {
        "source_id": "4Ui2kfOqGujY81UcPrb5KE",
        "source_type": "spotify",
        "name": "Haim"
    },
    "model": "radio_metadata.artist",
    "pk": 1
},
{
    "fields": {
        "source_id": "902158",
        "source_type": "soundcloud",
        "name": "dale hooks"
    },
    "model": "radio_metadata.artist",
    "pk": 2
},
{
    "fields": {
        "source_id": "51054502",
        "source_type": "soundcloud",
        "name": "UlybugMusic"
    },
    "model": "radio_metadata.artist",
    "pk": 3
},
{
    "fields": {
        "source_id": "5ZEAzHE2TzAwUcOj6jMIgf",
        "source_type": "spotify",
        "name": "Donny Osmond"
    },
    "model": "radio_metadata.artist",
    "pk": 4
},
{
    "fields": {
        "source_id": "6utdPEv71mR0DnGp74cJIz",
        "source_type": "spotify",
        "name": "Disney Characters"
    },
    "model": "radio_metadata.artist",
    "pk": 5
},
{
    "fields": {
        "source_id": "43790551",
        "source_type": "soundcloud",
        "name": "WeRnIS"
    },
    "model": "radio_metadata.artist",
    "pk": 6
},
{
    "fields": {
        "source_id": "161xT2jznJIE9JZ7WQIpuJ",
        "source_type": "spotify",
        "name": "Jan Rippe"
    },
    "model": "radio_metadata.artist",
    "pk": 7
},
{
    "fields": {
        "source_id": "60LLVK9x9ZnpihKddQBMyV",
        "source_type": "spotify",
        "name": "Peter Ragmar"
    },
    "model": "radio_metadata.artist",
    "pk": 8
},
{
    "fields": {
        "source_id": "32uRQ13rLdn0sIotGehIHs",
        "source_type": "spotify",
        "name": "Johan Halld\u00e9n"
    },
    "model": "radio_metadata.artist",
    "pk": 9
},
{
    "fields": {
        "source_id": "1nB9oFyGAWdcRUjWpJWK4i",
        "source_type": "spotify",
        "name": "Frank Adahl"
    },
    "model": "radio_metadata.artist",
    "pk": 10
},
{
    "fields": {
        "source_id": "6224695",
        "source_type": "soundcloud",
        "name": "Dan_McIntyre"
    },
    "model": "radio_metadata.artist",
    "pk": 11
},
{
    "fields": {
        "source_id": "3bmFPbLMiLxtR9tFrTcKcP",
        "source_type": "spotify",
        "name": "Matthew Wilder"
    },
    "model": "radio_metadata.artist",
    "pk": 12
},
{
    "fields": {
        "source_id": "3wUpOiaLjwAZNregbC7CxO",
        "source_type": "spotify",
        "name": "Jerry Tondo"
    },
    "model": "radio_metadata.artist",
    "pk": 13
},
{
    "fields": {
        "source_id": "1GlMjIezcLwV3OFlX0uXOv",
        "source_type": "spotify",
        "name": "Lea Salonga"
    },
    "model": "radio_metadata.artist",
    "pk": 14
},
{
    "fields": {
        "source_id": "00erTY7OuCOdNTN36srPNN",
        "source_type": "spotify",
        "name": "James Hong"
    },
    "model": "radio_metadata.artist",
    "pk": 15
},
{
    "fields": {
        "source_id": "7G6zawIBBtDX1WvuT97Ei9",
        "source_type": "spotify",
        "name": "Harvey Fierstein"
    },
    "model": "radio_metadata.artist",
    "pk": 16
},
{
    "fields": {
        "source_id": "7CzrzGbCwqT8Y43tvIUPBX",
        "source_type": "spotify",
        "name": "Days Are Gone (Deluxe Edition)"
    },
    "model": "radio_metadata.album",
    "pk": 1
},
{
    "fields": {
        "source_id": "4z7cSxC9GqPVh9Nz579wel",
        "source_type": "spotify",
        "name": "Mulan Original Soundtrack"
    },
    "model": "radio_metadata.album",
    "pk": 2
},
{
    "fields": {
        "source_id": "1g0XcREEDoEmBDPZiB2ki4",
        "source_type": "spotify",
        "name": "Disney En Magisk V\u00e4rld (The Magic of Disney)"
    },
    "model": "radio_metadata.album",
    "pk": 3
},
{
    "fields": {
        "codename": "add_logentry",
        "name": "Can add log entry",
        "content_type": 1
    },
    "model": "auth.permission",
    "pk": 1
},
{
    "fields": {
        "codename": "change_logentry",
        "name": "Can change log entry",
        "content_type": 1
    },
    "model": "auth.permission",
    "pk": 2
},
{
    "fields": {
        "codename": "delete_logentry",
        "name": "Can delete log entry",
        "content_type": 1
    },
    "model": "auth.permission",
    "pk": 3
},
{
    "fields": {
        "codename": "add_permission",
        "name": "Can add permission",
        "content_type": 2
    },
    "model": "auth.permission",
    "pk": 4
},
{
    "fields": {
        "codename": "change_permission",
        "name": "Can change permission",
        "content_type": 2
    },
    "model": "auth.permission",
    "pk": 5
},
{
    "fields": {
        "codename": "delete_permission",
        "name": "Can delete permission",
        "content_type": 2
    },
    "model": "auth.permission",
    "pk": 6
},
{
    "fields": {
        "codename": "add_group",
        "name": "Can add group",
        "content_type": 3
    },
    "model": "auth.permission",
    "pk": 7
},
{
    "fields": {
        "codename": "change_group",
        "name": "Can change group",
        "content_type": 3
    },
    "model": "auth.permission",
    "pk": 8
},
{
    "fields": {
        "codename": "delete_group",
        "name": "Can delete group",
        "content_type": 3
    },
    "model": "auth.permission",
    "pk": 9
},
{
    "fields": {
        "codename": "add_user",
        "name": "Can add user",
        "content_type": 4
    },
    "model": "auth.permission",
    "pk": 10
},
{
    "fields": {
        "codename": "change_user",
        "name": "Can change user",
        "content_type": 4
    },
    "model": "auth.permission",
    "pk": 11
},
{
    "fields": {
        "codename": "delete_user",
        "name": "Can delete user",
        "content_type": 4
    },
    "model": "auth.permission",
    "pk": 12
},
{
    "fields": {
        "codename": "add_contenttype",
        "name": "Can add content type",
        "content_type": 5
    },
    "model": "auth.permission",
    "pk": 13
},
{
    "fields": {
        "codename": "change_contenttype",
        "name": "Can change content type",
        "content_type": 5
    },
    "model": "auth.permission",
    "pk": 14
},
{
    "fields": {
        "codename": "delete_contenttype",
        "name": "Can delete content type",
        "content_type": 5
    },
    "model": "auth.permission",
    "pk": 15
},
{
    "fields": {
        "codename": "add_session",
        "name": "Can add session",
        "content_type": 6
    },
    "model": "auth.permission",
    "pk": 16
},
{
    "fields": {
        "codename": "change_session",
        "name": "Can change session",
        "content_type": 6
    },
    "model": "auth.permission",
    "pk": 17
},
{
    "fields": {
        "codename": "delete_session",
        "name": "Can delete session",
        "content_type": 6
    },
    "model": "auth.permission",
    "pk": 18
},
{
    "fields": {
        "codename": "add_usersocialauth",
        "name": "Can add user social auth",
        "content_type": 7
    },
    "model": "auth.permission",
    "pk": 19
},
{
    "fields": {
        "codename": "change_usersocialauth",
        "name": "Can change user social auth",
        "content_type": 7
    },
    "model": "auth.permission",
    "pk": 20
},
{
    "fields": {
        "codename": "delete_usersocialauth",
        "name": "Can delete user social auth",
        "content_type": 7
    },
    "model": "auth.permission",
    "pk": 21
},
{
    "fields": {
        "codename": "add_nonce",
        "name": "Can add nonce",
        "content_type": 8
    },
    "model": "auth.permission",
    "pk": 22
},
{
    "fields": {
        "codename": "change_nonce",
        "name": "Can change nonce",
        "content_type": 8
    },
    "model": "auth.permission",
    "pk": 23
},
{
    "fields": {
        "codename": "delete_nonce",
        "name": "Can delete nonce",
        "content_type": 8
    },
    "model": "auth.permission",
    "pk": 24
},
{
    "fields": {
        "codename": "add_association",
        "name": "Can add association",
        "content_type": 9
    },
    "model": "auth.permission",
    "pk": 25
},
{
    "fields": {
        "codename": "change_association",
        "name": "Can change association",
        "content_type": 9
    },
    "model": "auth.permission",
    "pk": 26
},
{
    "fields": {
        "codename": "delete_association",
        "name": "Can delete association",
        "content_type": 9
    },
    "model": "auth.permission",
    "pk": 27
},
{
    "fields": {
        "codename": "add_artist",
        "name": "Can add artist",
        "content_type": 10
    },
    "model": "auth.permission",
    "pk": 28
},
{
    "fields": {
        "codename": "change_artist",
        "name": "Can change artist",
        "content_type": 10
    },
    "model": "auth.permission",
    "pk": 29
},
{
    "fields": {
        "codename": "delete_artist",
        "name": "Can delete artist",
        "content_type": 10
    },
    "model": "auth.permission",
    "pk": 30
},
{
    "fields": {
        "codename": "add_album",
        "name": "Can add album",
        "content_type": 11
    },
    "model": "auth.permission",
    "pk": 31
},
{
    "fields": {
        "codename": "change_album",
        "name": "Can change album",
        "content_type": 11
    },
    "model": "auth.permission",
    "pk": 32
},
{
    "fields": {
        "codename": "delete_album",
        "name": "Can delete album",
        "content_type": 11
    },
    "model": "auth.permission",
    "pk": 33
},
{
    "fields": {
        "codename": "add_track",
        "name": "Can add track",
        "content_type": 12
    },
    "model": "auth.permission",
    "pk": 34
},
{
    "fields": {
        "codename": "change_track",
        "name": "Can change track",
        "content_type": 12
    },
    "model": "auth.permission",
    "pk": 35
},
{
    "fields": {
        "codename": "delete_track",
        "name": "Can delete track",
        "content_type": 12
    },
    "model": "auth.permission",
    "pk": 36
},
{
    "fields": {
        "codename": "add_playlist",
        "name": "Can add playlist",
        "content_type": 13
    },
    "model": "auth.permission",
    "pk": 37
},
{
    "fields": {
        "codename": "change_playlist",
        "name": "Can change playlist",
        "content_type": 13
    },
    "model": "auth.permission",
    "pk": 38
},
{
    "fields": {
        "codename": "delete_playlist",
        "name": "Can delete playlist",
        "content_type": 13
    },
    "model": "auth.permission",
    "pk": 39
},
{
    "fields": {
        "codename": "add_playlisttrack",
        "name": "Can add playlist track",
        "content_type": 14
    },
    "model": "auth.permission",
    "pk": 40
},
{
    "fields": {
        "codename": "change_playlisttrack",
        "name": "Can change playlist track",
        "content_type": 14
    },
    "model": "auth.permission",
    "pk": 41
},
{
    "fields": {
        "codename": "delete_playlisttrack",
        "name": "Can delete playlist track",
        "content_type": 14
    },
    "model": "auth.permission",
    "pk": 42
},
{
    "fields": {
        "codename": "add_queuedtrack",
        "name": "Can add queued track",
        "content_type": 15
    },
    "model": "auth.permission",
    "pk": 43
},
{
    "fields": {
        "codename": "change_queuedtrack",
        "name": "Can change queued track",
        "content_type": 15
    },
    "model": "auth.permission",
    "pk": 44
},
{
    "fields": {
        "codename": "delete_queuedtrack",
        "name": "Can delete queued track",
        "content_type": 15
    },
    "model": "auth.permission",
    "pk": 45
},
{
    "fields": {
        "codename": "add_queuedtrackhistory",
        "name": "Can add queued track history",
        "content_type": 16
    },
    "model": "auth.permission",
    "pk": 46
},
{
    "fields": {
        "codename": "change_queuedtrackhistory",
        "name": "Can change queued track history",
        "content_type": 16
    },
    "model": "auth.permission",
    "pk": 47
},
{
    "fields": {
        "codename": "delete_queuedtrackhistory",
        "name": "Can delete queued track history",
        "content_type": 16
    },
    "model": "auth.permission",
    "pk": 48
},
{
    "fields": {
        "codename": "add_queuedtrackvote",
        "name": "Can add queued track vote",
        "content_type": 17
    },
    "model": "auth.permission",
    "pk": 49
},
{
    "fields": {
        "codename": "change_queuedtrackvote",
        "name": "Can change queued track vote",
        "content_type": 17
    },
    "model": "auth.permission",
    "pk": 50
},
{
    "fields": {
        "codename": "delete_queuedtrackvote",
        "name": "Can delete queued track vote",
        "content_type": 17
    },
    "model": "auth.permission",
    "pk": 51
},
{
    "fields": {
        "username": "admin",
        "first_name": "",
        "last_name": "",
        "is_active": true,
        "is_superuser": true,
        "is_staff": true,
        "last_login": "2014-08-04T13:33:11.984Z",
        "groups": [],
        "user_permissions": [],
        "password": "pbkdf2_sha256$12000$TWUqKdNPVW8C$7THmkljV8fVP+EP4KJMjbpVZ3hBYunTyiMIe16hE8l4=",
        "email": "admin@rehabstudio.com",
        "date_joined": "2014-08-01T11:35:05.701Z"
    },
    "model": "auth.user",
    "pk": 1
},
{
    "fields": {
        "album": 1,
        "image_large": null,
        "updated": "2014-08-01T11:38:05.261Z",
        "image_medium": null,
        "duration_ms": 245800,
        "name": "The Wire",
        "created": "2014-08-01T11:37:47.203Z",
        "image_small": null,
        "preview_url": "https://p.scdn.co/mp3-preview/5e1176683ae66ca683ca718d26a097484ec4c3db",
        "owner": 1,
        "track_number": 3,
        "play_count": 1,
        "source_type": "spotify",
        "artists": [
            1
        ],
        "source_id": "7KdF7Zac5eC9jutk9Qret4"
    },
    "model": "radio_metadata.track",
    "pk": 1
},
{
    "fields": {
        "album": null,
        "image_large": null,
        "updated": "2014-08-01T11:38:20.240Z",
        "image_medium": null,
        "duration_ms": 190083,
        "name": "Dale Hooks & Frederick Fringe pres. Ubblahkan - Supa Crack (UlyBug Records)",
        "created": "2014-08-01T11:37:58.314Z",
        "image_small": null,
        "preview_url": "https://api.soundcloud.com/tracks/140404639/stream",
        "owner": 1,
        "track_number": 0,
        "play_count": 1,
        "source_type": "soundcloud",
        "artists": [
            2
        ],
        "source_id": "140404639"
    },
    "model": "radio_metadata.track",
    "pk": 2
},
{
    "fields": {
        "album": 1,
        "image_large": null,
        "updated": "2014-08-01T11:39:31.802Z",
        "image_medium": null,
        "duration_ms": 245800,
        "name": "Forever",
        "created": "2014-08-01T11:39:15.107Z",
        "image_small": null,
        "preview_url": "https://p.scdn.co/mp3-preview/8ff4e357688dfb90a961b5f09aca0588b5e3effb",
        "owner": 1,
        "track_number": 2,
        "play_count": 1,
        "source_type": "spotify",
        "artists": [
            1
        ],
        "source_id": "5hfP8cKSzpfBisP3R24cAy"
    },
    "model": "radio_metadata.track",
    "pk": 3
},
{
    "fields": {
        "album": null,
        "image_large": null,
        "updated": "2014-08-01T11:39:56.332Z",
        "image_medium": null,
        "duration_ms": 115131,
        "name": "Dale Hooks & Frederick Fringe pres. Ubblahkan - Supa Crack (Web Preview)",
        "created": "2014-08-01T11:39:32.375Z",
        "image_small": null,
        "preview_url": "https://api.soundcloud.com/tracks/102400349/stream",
        "owner": 1,
        "track_number": 0,
        "play_count": 1,
        "source_type": "soundcloud",
        "artists": [
            3
        ],
        "source_id": "102400349"
    },
    "model": "radio_metadata.track",
    "pk": 4
},
{
    "fields": {
        "album": 1,
        "image_large": null,
        "updated": "2014-08-01T11:40:31.353Z",
        "image_medium": null,
        "duration_ms": 230453,
        "name": "If I Could Change Your Mind",
        "created": "2014-08-01T11:40:12.167Z",
        "image_small": null,
        "preview_url": "https://p.scdn.co/mp3-preview/4a6555698650446297c42ecf39b761482b1c87fc",
        "owner": 1,
        "track_number": 4,
        "play_count": 1,
        "source_type": "spotify",
        "artists": [
            1
        ],
        "source_id": "38tpcZDofjtDNunMm5w1EU"
    },
    "model": "radio_metadata.track",
    "pk": 5
},
{
    "fields": {
        "album": null,
        "image_large": null,
        "updated": "2014-08-04T14:11:51.141Z",
        "image_medium": null,
        "duration_ms": 95511,
        "name": "Dale Hooks & Frederick Fringe Pres. Ubblahkan - Supa Crack Original - Snippet 96kbps",
        "created": "2014-08-01T11:40:21.877Z",
        "image_small": null,
        "preview_url": "https://api.soundcloud.com/tracks/141871742/stream",
        "owner": 1,
        "track_number": 0,
        "play_count": 2,
        "source_type": "soundcloud",
        "artists": [
            3
        ],
        "source_id": "141871742"
    },
    "model": "radio_metadata.track",
    "pk": 6
},
{
    "fields": {
        "album": 2,
        "image_large": null,
        "updated": "2014-08-01T11:49:03.730Z",
        "image_medium": null,
        "duration_ms": 202120,
        "name": "I'll Make A Man Out Of You",
        "created": "2014-08-01T11:46:07.629Z",
        "image_small": null,
        "preview_url": "https://p.scdn.co/mp3-preview/fbaa634c3fe38d27aa86061a990a311ae7b2bbea",
        "owner": 1,
        "track_number": 5,
        "play_count": 2,
        "source_type": "spotify",
        "artists": [
            4,
            5
        ],
        "source_id": "58kNJana4w5BIjlZE2wq5m"
    },
    "model": "radio_metadata.track",
    "pk": 7
},
{
    "fields": {
        "album": null,
        "image_large": null,
        "updated": "2014-08-01T11:48:34.806Z",
        "image_medium": null,
        "duration_ms": 163540,
        "name": "Everything Is AWESOME!!! - Tegan And Sara feat. The Lonely Island [The Lego Movie]",
        "created": "2014-08-01T11:47:03.018Z",
        "image_small": null,
        "preview_url": "https://api.soundcloud.com/tracks/131065461/stream",
        "owner": 1,
        "track_number": 0,
        "play_count": 2,
        "source_type": "soundcloud",
        "artists": [
            6
        ],
        "source_id": "131065461"
    },
    "model": "radio_metadata.track",
    "pk": 8
},
{
    "fields": {
        "album": 3,
        "image_large": "https://i.scdn.co/image/4477db752224fe31cc8ef966491fb49951a0d511",
        "updated": "2014-08-01T15:33:11.336Z",
        "image_medium": "https://i.scdn.co/image/000d93fccbe70d3d675e5f83c323c29c85f8b36a",
        "duration_ms": 212586,
        "name": "Hakuna Matata",
        "created": "2014-08-01T15:29:21.505Z",
        "image_small": "https://i.scdn.co/image/9637e762cccdb85aa7a5bd37a22aa270c0763c45",
        "preview_url": "https://p.scdn.co/mp3-preview/7e71aa5895b252d34b5c2c9ca853f6c9bb953e31",
        "owner": null,
        "track_number": 3,
        "play_count": 2,
        "source_type": "spotify",
        "artists": [],
        "source_id": "2pq4oxNwTmBWXUIEyL7cBZ"
    },
    "model": "radio_metadata.track",
    "pk": 9
},
{
    "fields": {
        "album": null,
        "image_large": "https://i1.sndcdn.com/artworks-000084004587-ai42y6-t67x67.jpg?e76cf77",
        "updated": "2014-08-01T15:39:11.792Z",
        "image_medium": "https://i1.sndcdn.com/artworks-000084004587-ai42y6-t300x300.jpg?e76cf77",
        "duration_ms": 308116,
        "name": "Everything Is Awesome - R&B Edition Feat. Lee Jamison",
        "created": "2014-08-01T15:36:30.473Z",
        "image_small": "https://i1.sndcdn.com/artworks-000084004587-ai42y6-t500x500.jpg?e76cf77",
        "preview_url": "https://api.soundcloud.com/tracks/156926930/stream",
        "owner": 1,
        "track_number": 0,
        "play_count": 2,
        "source_type": "soundcloud",
        "artists": [],
        "source_id": "156926930"
    },
    "model": "radio_metadata.track",
    "pk": 13
},
{
    "fields": {
        "album": 2,
        "image_large": "https://i.scdn.co/image/ddff86654bb7b5dd379495bf82984dafdad62237",
        "updated": "2014-08-01T16:10:43.163Z",
        "image_medium": "https://i.scdn.co/image/b68d2ec512b8fc3329d05c0425dea0df4188d6a7",
        "duration_ms": 146413,
        "name": "A Girl Worth Fighting For",
        "created": "2014-08-01T16:10:43.149Z",
        "image_small": "https://i.scdn.co/image/3b630a81b82613bc98b3082e5b1f4e1027ddd953",
        "preview_url": "https://p.scdn.co/mp3-preview/2062e936bf6e21e3bfd07575e3159aa8130e6f15",
        "owner": 1,
        "track_number": 6,
        "play_count": 0,
        "source_type": "spotify",
        "artists": [
            12,
            13,
            14,
            15,
            16
        ],
        "source_id": "6op3qRm6gka4oCy81k7Qmm"
    },
    "model": "radio_metadata.track",
    "pk": 14
},
{
    "fields": {
        "owner": 1,
        "name": "Starred",
        "description": "Admin's starred playlist"
    },
    "model": "radio_playlists.playlist",
    "pk": 1
},
{
    "fields": {
        "owner": 1,
        "name": "Second",
        "description": "Admins second playlist"
    },
    "model": "radio_playlists.playlist",
    "pk": 2
},
{
    "fields": {
        "track": 2,
        "position": 3,
        "playlist": 1,
        "owner": 1
    },
    "model": "radio_playlists.playlisttrack",
    "pk": 2
},
{
    "fields": {
        "track": 3,
        "position": 2,
        "playlist": 1,
        "owner": 1
    },
    "model": "radio_playlists.playlisttrack",
    "pk": 3
},
{
    "fields": {
        "track": 4,
        "position": 4,
        "playlist": 1,
        "owner": 1
    },
    "model": "radio_playlists.playlisttrack",
    "pk": 4
},
{
    "fields": {
        "track": 5,
        "position": 5,
        "playlist": 1,
        "owner": 1
    },
    "model": "radio_playlists.playlisttrack",
    "pk": 5
},
{
    "fields": {
        "track": 6,
        "position": 6,
        "playlist": 1,
        "owner": 1
    },
    "model": "radio_playlists.playlisttrack",
    "pk": 6
},
{
    "fields": {
        "track": 8,
        "position": 1,
        "playlist": 2,
        "owner": 1
    },
    "model": "radio_playlists.playlisttrack",
    "pk": 7
},
{
    "fields": {
        "track": 7,
        "position": 2,
        "playlist": 2,
        "owner": 1
    },
    "model": "radio_playlists.playlisttrack",
    "pk": 8
},
{
    "fields": {
        "track": 14,
        "position": 7,
        "playlist": 1,
        "owner": 1
    },
    "model": "radio_playlists.playlisttrack",
    "pk": 9
},
{
    "fields": {
        "track": 8,
        "position": 7,
        "playlist": 1,
        "owner": 1
    },
    "model": "radio_playlists.playlisttrack",
    "pk": 10
},
{
    "fields": {
        "track": 7,
        "started": "2014-08-05T09:30:45.895Z",
        "owner": 1,
        "position": 1
    },
    "model": "radio_queue.queuedtrack",
    "pk": 8
},
{
    "fields": {
        "track": 8,
        "started": null,
        "owner": 1,
        "position": 2
    },
    "model": "radio_queue.queuedtrack",
    "pk": 9
},
{
    "fields": {
        "track": 8,
        "started": null,
        "owner": 1,
        "position": 3
    },
    "model": "radio_queue.queuedtrack",
    "pk": 10
},
{
    "fields": {
        "track": 7,
        "started": null,
        "owner": 1,
        "position": 4
    },
    "model": "radio_queue.queuedtrack",
    "pk": 11
},
{
    "fields": {
        "track": 9,
        "started": null,
        "owner": 1,
        "position": 5
    },
    "model": "radio_queue.queuedtrack",
    "pk": 12
},
{
    "fields": {
        "track": 13,
        "started": null,
        "owner": 1,
        "position": 6
    },
    "model": "radio_queue.queuedtrack",
    "pk": 13
},
{
    "fields": {
        "track": 13,
        "started": null,
        "owner": 1,
        "position": 7
    },
    "model": "radio_queue.queuedtrack",
    "pk": 14
},
{
    "fields": {
        "track": 1,
        "owner": 1,
        "created": "2014-08-01T11:38:05.295Z"
    },
    "model": "radio_queue.queuedtrackhistory",
    "pk": 1
},
{
    "fields": {
        "track": 2,
        "owner": 1,
        "created": "2014-08-01T11:38:20.353Z"
    },
    "model": "radio_queue.queuedtrackhistory",
    "pk": 2
},
{
    "fields": {
        "track": 3,
        "owner": 1,
        "created": "2014-08-01T11:39:31.833Z"
    },
    "model": "radio_queue.queuedtrackhistory",
    "pk": 3
},
{
    "fields": {
        "track": 4,
        "owner": 1,
        "created": "2014-08-01T11:39:56.370Z"
    },
    "model": "radio_queue.queuedtrackhistory",
    "pk": 4
},
{
    "fields": {
        "track": 5,
        "owner": 1,
        "created": "2014-08-01T11:40:31.476Z"
    },
    "model": "radio_queue.queuedtrackhistory",
    "pk": 5
},
{
    "fields": {
        "track": 6,
        "owner": 1,
        "created": "2014-08-01T11:40:44.174Z"
    },
    "model": "radio_queue.queuedtrackhistory",
    "pk": 6
},
{
    "fields": {
        "track": 6,
        "owner": 1,
        "created": "2014-08-01T11:46:14.453Z"
    },
    "model": "radio_queue.queuedtrackhistory",
    "pk": 7
},
{
    "fields": {
        "track": 7,
        "owner": 1,
        "created": "2014-08-01T11:46:37.201Z"
    },
    "model": "radio_queue.queuedtrackhistory",
    "pk": 8
},
{
    "fields": {
        "track": 8,
        "owner": 1,
        "created": "2014-08-01T11:47:25.455Z"
    },
    "model": "radio_queue.queuedtrackhistory",
    "pk": 9
},
{
    "fields": {
        "track": 8,
        "owner": 1,
        "created": "2014-08-01T11:48:34.846Z"
    },
    "model": "radio_queue.queuedtrackhistory",
    "pk": 10
},
{
    "fields": {
        "track": 7,
        "owner": 1,
        "created": "2014-08-01T11:49:03.844Z"
    },
    "model": "radio_queue.queuedtrackhistory",
    "pk": 11
},
{
    "fields": {
        "track": 9,
        "owner": 1,
        "created": "2014-08-01T15:33:11.381Z"
    },
    "model": "radio_queue.queuedtrackhistory",
    "pk": 12
},
{
    "fields": {
        "track": 13,
        "owner": 1,
        "created": "2014-08-01T15:36:48.983Z"
    },
    "model": "radio_queue.queuedtrackhistory",
    "pk": 13
},
{
    "fields": {
        "track": 13,
        "owner": 1,
        "created": "2014-08-01T15:39:11.829Z"
    },
    "model": "radio_queue.queuedtrackhistory",
    "pk": 14
}
]
