[
{
    "fields": {
        "model": "logentry",
        "name": "log entry",
        "app_label": "admin"
    },
    "model": "contenttypes.contenttype",
    "pk": 1
},
{
    "fields": {
        "model": "permission",
        "name": "permission",
        "app_label": "auth"
    },
    "model": "contenttypes.contenttype",
    "pk": 2
},
{
    "fields": {
        "model": "group",
        "name": "group",
        "app_label": "auth"
    },
    "model": "contenttypes.contenttype",
    "pk": 3
},
{
    "fields": {
        "model": "user",
        "name": "user",
        "app_label": "auth"
    },
    "model": "contenttypes.contenttype",
    "pk": 4
},
{
    "fields": {
        "model": "contenttype",
        "name": "content type",
        "app_label": "contenttypes"
    },
    "model": "contenttypes.contenttype",
    "pk": 5
},
{
    "fields": {
        "model": "session",
        "name": "session",
        "app_label": "sessions"
    },
    "model": "contenttypes.contenttype",
    "pk": 6
},
{
    "fields": {
        "model": "album",
        "name": "album",
        "app_label": "radio_metadata"
    },
    "model": "contenttypes.contenttype",
    "pk": 7
},
{
    "fields": {
        "model": "artist",
        "name": "artist",
        "app_label": "radio_metadata"
    },
    "model": "contenttypes.contenttype",
    "pk": 8
},
{
    "fields": {
        "model": "track",
        "name": "track",
        "app_label": "radio_metadata"
    },
    "model": "contenttypes.contenttype",
    "pk": 9
},
{
    "fields": {
        "model": "player",
        "name": "player",
        "app_label": "radio_players"
    },
    "model": "contenttypes.contenttype",
    "pk": 10
},
{
    "fields": {
        "model": "playlist",
        "name": "playlist",
        "app_label": "radio_playlists"
    },
    "model": "contenttypes.contenttype",
    "pk": 11
},
{
    "fields": {
        "model": "playlisttrack",
        "name": "playlist track",
        "app_label": "radio_playlists"
    },
    "model": "contenttypes.contenttype",
    "pk": 12
},
{
    "fields": {
        "model": "queue",
        "name": "queue",
        "app_label": "radio_queue"
    },
    "model": "contenttypes.contenttype",
    "pk": 13
},
{
    "fields": {
        "model": "queuetrack",
        "name": "queue track",
        "app_label": "radio_queue"
    },
    "model": "contenttypes.contenttype",
    "pk": 14
},
{
    "fields": {
        "model": "queuetrackhistory",
        "name": "queue track history",
        "app_label": "radio_queue"
    },
    "model": "contenttypes.contenttype",
    "pk": 15
},
{
    "fields": {
        "model": "profile",
        "name": "profile",
        "app_label": "radio_users"
    },
    "model": "contenttypes.contenttype",
    "pk": 16
},
{
    "fields": {
        "source_id": "7CzrzGbCwqT8Y43tvIUPBX",
        "source_type": "spotify",
        "name": "Days Are Gone (Deluxe Edition)"
    },
    "model": "radio_metadata.album",
    "pk": 1
},
{
    "fields": {
        "source_id": "5he3sVMKD72Jv59nNtOGLQ",
        "source_type": "spotify",
        "name": "This Is Alphabeat"
    },
    "model": "radio_metadata.album",
    "pk": 2
},
{
    "fields": {
        "source_id": "19dqa2yIehtaN4kBwpSEvP",
        "source_type": "spotify",
        "name": "Frozen (Original Motion Picture Soundtrack)"
    },
    "model": "radio_metadata.album",
    "pk": 3
},
{
    "fields": {
        "source_id": "902158",
        "source_type": "soundcloud",
        "name": "dale hooks"
    },
    "model": "radio_metadata.artist",
    "pk": 1
},
{
    "fields": {
        "source_id": "61123",
        "source_type": "soundcloud",
        "name": "NARSTI"
    },
    "model": "radio_metadata.artist",
    "pk": 2
},
{
    "fields": {
        "source_id": "4Ui2kfOqGujY81UcPrb5KE",
        "source_type": "spotify",
        "name": "Haim"
    },
    "model": "radio_metadata.artist",
    "pk": 3
},
{
    "fields": {
        "source_id": "7Defmv25Kj9knpobhHIghm",
        "source_type": "spotify",
        "name": "Alphabeat"
    },
    "model": "radio_metadata.artist",
    "pk": 4
},
{
    "fields": {
        "source_id": "2097360",
        "source_type": "soundcloud",
        "name": "Foo Fighters"
    },
    "model": "radio_metadata.artist",
    "pk": 5
},
{
    "fields": {
        "source_id": "2OZsw4C2nujSgVUfpuOTWL",
        "source_type": "spotify",
        "name": "Cast - Frozen"
    },
    "model": "radio_metadata.artist",
    "pk": 6
},
{
    "fields": {
        "source_id": "6dN5CHba8uE3KUZtgzDjGa",
        "source_type": "spotify",
        "name": "Frode Fjellheim"
    },
    "model": "radio_metadata.artist",
    "pk": 7
},
{
    "fields": {
        "source_id": "1GjWNGbMtHDQ7CNYf2d7cw",
        "source_type": "spotify",
        "name": "Christophe Beck"
    },
    "model": "radio_metadata.artist",
    "pk": 8
},
{
    "fields": {
        "source_id": "0QV48B9786oULHQapfrYZM",
        "source_type": "spotify",
        "name": "Cantus"
    },
    "model": "radio_metadata.artist",
    "pk": 9
},
{
    "fields": {
        "source_id": "73Np75Wv2tju61Eo9Zw4IR",
        "source_type": "spotify",
        "name": "Idina Menzel"
    },
    "model": "radio_metadata.artist",
    "pk": 10
},
{
    "fields": {
        "source_id": "2kHxkdiKCSnHMkhIgFBZaI",
        "source_type": "spotify",
        "name": "Kristen Bell"
    },
    "model": "radio_metadata.artist",
    "pk": 11
},
{
    "fields": {
        "source_id": "47NluEnhJda2gsnjuvcoob",
        "source_type": "spotify",
        "name": "Santino Fontana"
    },
    "model": "radio_metadata.artist",
    "pk": 12
},
{
    "fields": {
        "codename": "add_logentry",
        "name": "Can add log entry",
        "content_type": 1
    },
    "model": "auth.permission",
    "pk": 1
},
{
    "fields": {
        "codename": "change_logentry",
        "name": "Can change log entry",
        "content_type": 1
    },
    "model": "auth.permission",
    "pk": 2
},
{
    "fields": {
        "codename": "delete_logentry",
        "name": "Can delete log entry",
        "content_type": 1
    },
    "model": "auth.permission",
    "pk": 3
},
{
    "fields": {
        "codename": "add_permission",
        "name": "Can add permission",
        "content_type": 2
    },
    "model": "auth.permission",
    "pk": 4
},
{
    "fields": {
        "codename": "change_permission",
        "name": "Can change permission",
        "content_type": 2
    },
    "model": "auth.permission",
    "pk": 5
},
{
    "fields": {
        "codename": "delete_permission",
        "name": "Can delete permission",
        "content_type": 2
    },
    "model": "auth.permission",
    "pk": 6
},
{
    "fields": {
        "codename": "add_group",
        "name": "Can add group",
        "content_type": 3
    },
    "model": "auth.permission",
    "pk": 7
},
{
    "fields": {
        "codename": "change_group",
        "name": "Can change group",
        "content_type": 3
    },
    "model": "auth.permission",
    "pk": 8
},
{
    "fields": {
        "codename": "delete_group",
        "name": "Can delete group",
        "content_type": 3
    },
    "model": "auth.permission",
    "pk": 9
},
{
    "fields": {
        "codename": "add_user",
        "name": "Can add user",
        "content_type": 4
    },
    "model": "auth.permission",
    "pk": 10
},
{
    "fields": {
        "codename": "change_user",
        "name": "Can change user",
        "content_type": 4
    },
    "model": "auth.permission",
    "pk": 11
},
{
    "fields": {
        "codename": "delete_user",
        "name": "Can delete user",
        "content_type": 4
    },
    "model": "auth.permission",
    "pk": 12
},
{
    "fields": {
        "codename": "add_contenttype",
        "name": "Can add content type",
        "content_type": 5
    },
    "model": "auth.permission",
    "pk": 13
},
{
    "fields": {
        "codename": "change_contenttype",
        "name": "Can change content type",
        "content_type": 5
    },
    "model": "auth.permission",
    "pk": 14
},
{
    "fields": {
        "codename": "delete_contenttype",
        "name": "Can delete content type",
        "content_type": 5
    },
    "model": "auth.permission",
    "pk": 15
},
{
    "fields": {
        "codename": "add_session",
        "name": "Can add session",
        "content_type": 6
    },
    "model": "auth.permission",
    "pk": 16
},
{
    "fields": {
        "codename": "change_session",
        "name": "Can change session",
        "content_type": 6
    },
    "model": "auth.permission",
    "pk": 17
},
{
    "fields": {
        "codename": "delete_session",
        "name": "Can delete session",
        "content_type": 6
    },
    "model": "auth.permission",
    "pk": 18
},
{
    "fields": {
        "codename": "add_album",
        "name": "Can add album",
        "content_type": 7
    },
    "model": "auth.permission",
    "pk": 19
},
{
    "fields": {
        "codename": "change_album",
        "name": "Can change album",
        "content_type": 7
    },
    "model": "auth.permission",
    "pk": 20
},
{
    "fields": {
        "codename": "delete_album",
        "name": "Can delete album",
        "content_type": 7
    },
    "model": "auth.permission",
    "pk": 21
},
{
    "fields": {
        "codename": "add_artist",
        "name": "Can add artist",
        "content_type": 8
    },
    "model": "auth.permission",
    "pk": 22
},
{
    "fields": {
        "codename": "change_artist",
        "name": "Can change artist",
        "content_type": 8
    },
    "model": "auth.permission",
    "pk": 23
},
{
    "fields": {
        "codename": "delete_artist",
        "name": "Can delete artist",
        "content_type": 8
    },
    "model": "auth.permission",
    "pk": 24
},
{
    "fields": {
        "codename": "add_track",
        "name": "Can add track",
        "content_type": 9
    },
    "model": "auth.permission",
    "pk": 25
},
{
    "fields": {
        "codename": "change_track",
        "name": "Can change track",
        "content_type": 9
    },
    "model": "auth.permission",
    "pk": 26
},
{
    "fields": {
        "codename": "delete_track",
        "name": "Can delete track",
        "content_type": 9
    },
    "model": "auth.permission",
    "pk": 27
},
{
    "fields": {
        "codename": "add_player",
        "name": "Can add player",
        "content_type": 10
    },
    "model": "auth.permission",
    "pk": 28
},
{
    "fields": {
        "codename": "change_player",
        "name": "Can change player",
        "content_type": 10
    },
    "model": "auth.permission",
    "pk": 29
},
{
    "fields": {
        "codename": "delete_player",
        "name": "Can delete player",
        "content_type": 10
    },
    "model": "auth.permission",
    "pk": 30
},
{
    "fields": {
        "codename": "add_playlist",
        "name": "Can add playlist",
        "content_type": 11
    },
    "model": "auth.permission",
    "pk": 31
},
{
    "fields": {
        "codename": "change_playlist",
        "name": "Can change playlist",
        "content_type": 11
    },
    "model": "auth.permission",
    "pk": 32
},
{
    "fields": {
        "codename": "delete_playlist",
        "name": "Can delete playlist",
        "content_type": 11
    },
    "model": "auth.permission",
    "pk": 33
},
{
    "fields": {
        "codename": "add_playlisttrack",
        "name": "Can add playlist track",
        "content_type": 12
    },
    "model": "auth.permission",
    "pk": 34
},
{
    "fields": {
        "codename": "change_playlisttrack",
        "name": "Can change playlist track",
        "content_type": 12
    },
    "model": "auth.permission",
    "pk": 35
},
{
    "fields": {
        "codename": "delete_playlisttrack",
        "name": "Can delete playlist track",
        "content_type": 12
    },
    "model": "auth.permission",
    "pk": 36
},
{
    "fields": {
        "codename": "add_queue",
        "name": "Can add queue",
        "content_type": 13
    },
    "model": "auth.permission",
    "pk": 37
},
{
    "fields": {
        "codename": "change_queue",
        "name": "Can change queue",
        "content_type": 13
    },
    "model": "auth.permission",
    "pk": 38
},
{
    "fields": {
        "codename": "delete_queue",
        "name": "Can delete queue",
        "content_type": 13
    },
    "model": "auth.permission",
    "pk": 39
},
{
    "fields": {
        "codename": "add_queuetrack",
        "name": "Can add queue track",
        "content_type": 14
    },
    "model": "auth.permission",
    "pk": 40
},
{
    "fields": {
        "codename": "change_queuetrack",
        "name": "Can change queue track",
        "content_type": 14
    },
    "model": "auth.permission",
    "pk": 41
},
{
    "fields": {
        "codename": "delete_queuetrack",
        "name": "Can delete queue track",
        "content_type": 14
    },
    "model": "auth.permission",
    "pk": 42
},
{
    "fields": {
        "codename": "add_queuetrackhistory",
        "name": "Can add queue track history",
        "content_type": 15
    },
    "model": "auth.permission",
    "pk": 43
},
{
    "fields": {
        "codename": "change_queuetrackhistory",
        "name": "Can change queue track history",
        "content_type": 15
    },
    "model": "auth.permission",
    "pk": 44
},
{
    "fields": {
        "codename": "delete_queuetrackhistory",
        "name": "Can delete queue track history",
        "content_type": 15
    },
    "model": "auth.permission",
    "pk": 45
},
{
    "fields": {
        "codename": "add_profile",
        "name": "Can add profile",
        "content_type": 16
    },
    "model": "auth.permission",
    "pk": 46
},
{
    "fields": {
        "codename": "change_profile",
        "name": "Can change profile",
        "content_type": 16
    },
    "model": "auth.permission",
    "pk": 47
},
{
    "fields": {
        "codename": "delete_profile",
        "name": "Can delete profile",
        "content_type": 16
    },
    "model": "auth.permission",
    "pk": 48
},
{
    "fields": {
        "username": "admin",
        "first_name": "",
        "last_name": "",
        "is_active": true,
        "is_superuser": true,
        "is_staff": true,
        "last_login": "2014-09-02T16:23:22.617Z",
        "groups": [],
        "user_permissions": [],
        "password": "pbkdf2_sha256$12000$E5Z8w6qK3h5l$YkudbzZpXb8ZTFBqtgdzX/7v3FbnsBqK76b6Ehb2oCM=",
        "email": "admin@rehabradio.com",
        "date_joined": "2014-09-02T16:12:12.232Z"
    },
    "model": "auth.user",
    "pk": 1
},
{
    "fields": {
        "username": "Test Player",
        "first_name": "",
        "last_name": "",
        "is_active": true,
        "is_superuser": false,
        "is_staff": true,
        "last_login": "2014-09-02T16:22:05.202Z",
        "groups": [],
        "user_permissions": [],
        "password": "b41bac6b-72fe-47fe-a984-79555c600a64",
        "email": "",
        "date_joined": "2014-09-02T16:22:05.203Z"
    },
    "model": "auth.user",
    "pk": 3
},
{
    "fields": {
        "username": "Passive Player",
        "first_name": "",
        "last_name": "",
        "is_active": true,
        "is_superuser": false,
        "is_staff": true,
        "last_login": "2014-09-02T16:23:44.648Z",
        "groups": [],
        "user_permissions": [],
        "password": "63203407-ba72-4639-9a60-ef415db945aa",
        "email": "",
        "date_joined": "2014-09-02T16:23:44.648Z"
    },
    "model": "auth.user",
    "pk": 4
},
{
    "fields": {
        "album": null,
        "image_large": "https://i1.sndcdn.com/artworks-000074007615-gr5sza-t500x500.jpg?e76cf77",
        "updated": "2014-09-02T16:15:55.052Z",
        "image_medium": "https://i1.sndcdn.com/artworks-000074007615-gr5sza-t300x300.jpg?e76cf77",
        "duration_ms": 190083,
        "name": "Dale Hooks & Frederick Fringe pres. Ubblahkan - Supa Crack (UlyBug Records)",
        "created": "2014-09-02T16:15:55.052Z",
        "image_small": "https://i1.sndcdn.com/artworks-000074007615-gr5sza-t67x67.jpg?e76cf77",
        "preview_url": "https://api.soundcloud.com/tracks/140404639/stream",
        "owner": 1,
        "track_number": 0,
        "play_count": 0,
        "source_type": "soundcloud",
        "artists": [],
        "source_id": "140404639"
    },
    "model": "radio_metadata.track",
    "pk": 1
},
{
    "fields": {
        "album": null,
        "image_large": "https://i1.sndcdn.com/artworks-000024344257-2srbjh-t500x500.jpg?e76cf77",
        "updated": "2014-09-02T16:16:04.054Z",
        "image_medium": "https://i1.sndcdn.com/artworks-000024344257-2srbjh-t300x300.jpg?e76cf77",
        "duration_ms": 302680,
        "name": "Not As Strong As The Machines",
        "created": "2014-09-02T16:16:04.054Z",
        "image_small": "https://i1.sndcdn.com/artworks-000024344257-2srbjh-t67x67.jpg?e76cf77",
        "preview_url": "https://api.soundcloud.com/tracks/191424/stream",
        "owner": 1,
        "track_number": 0,
        "play_count": 0,
        "source_type": "soundcloud",
        "artists": [],
        "source_id": "191424"
    },
    "model": "radio_metadata.track",
    "pk": 2
},
{
    "fields": {
        "album": 1,
        "image_large": "https://i.scdn.co/image/b83e4011e9b0ae87b0c4913c296f94155a76c159",
        "updated": "2014-09-02T16:16:14.588Z",
        "image_medium": "https://i.scdn.co/image/8fa6077324d497f3cbb83dbc16cf298552863e9e",
        "duration_ms": 245800,
        "name": "The Wire",
        "created": "2014-09-02T16:16:14.588Z",
        "image_small": "https://i.scdn.co/image/4164e5082af9f77dcc81329b1894f71d9eba47a2",
        "preview_url": "https://p.scdn.co/mp3-preview/5e1176683ae66ca683ca718d26a097484ec4c3db",
        "owner": 1,
        "track_number": 3,
        "play_count": 0,
        "source_type": "spotify",
        "artists": [],
        "source_id": "7KdF7Zac5eC9jutk9Qret4"
    },
    "model": "radio_metadata.track",
    "pk": 3
},
{
    "fields": {
        "album": 2,
        "image_large": "https://i.scdn.co/image/a89cf80f3b39c5561e68235b9aec48c0b2fe8792",
        "updated": "2014-09-02T16:16:22.639Z",
        "image_medium": "https://i.scdn.co/image/913ad25ff9f4fa6082ec98ec1677a87bcaf01160",
        "duration_ms": 183626,
        "name": "Fascination",
        "created": "2014-09-02T16:16:22.639Z",
        "image_small": "https://i.scdn.co/image/4552d45fdf081be2a8218d3cb31ce5272e7527f8",
        "preview_url": "https://p.scdn.co/mp3-preview/a814b5d7ba944990198cd41c9eafcf3900b67a6a",
        "owner": 1,
        "track_number": 2,
        "play_count": 0,
        "source_type": "spotify",
        "artists": [],
        "source_id": "4uqNn56KFQ7NtJ35xWZKvf"
    },
    "model": "radio_metadata.track",
    "pk": 4
},
{
    "fields": {
        "album": null,
        "image_large": "https://i1.sndcdn.com/artworks-000079984264-e8xxju-t500x500.jpg?e76cf77",
        "updated": "2014-09-02T16:17:13.727Z",
        "image_medium": "https://i1.sndcdn.com/artworks-000079984264-e8xxju-t300x300.jpg?e76cf77",
        "duration_ms": 250250,
        "name": "Everlong",
        "created": "2014-09-02T16:17:13.727Z",
        "image_small": "https://i1.sndcdn.com/artworks-000079984264-e8xxju-t67x67.jpg?e76cf77",
        "preview_url": "https://api.soundcloud.com/tracks/150438358/stream",
        "owner": 1,
        "track_number": 0,
        "play_count": 0,
        "source_type": "soundcloud",
        "artists": [],
        "source_id": "150438358"
    },
    "model": "radio_metadata.track",
    "pk": 5
},
{
    "fields": {
        "album": null,
        "image_large": "https://i1.sndcdn.com/artworks-000061423618-8230fz-t500x500.jpg?e76cf77",
        "updated": "2014-09-02T16:17:26.988Z",
        "image_medium": "https://i1.sndcdn.com/artworks-000061423618-8230fz-t300x300.jpg?e76cf77",
        "duration_ms": 264357,
        "name": "All My Life",
        "created": "2014-09-02T16:17:26.988Z",
        "image_small": "https://i1.sndcdn.com/artworks-000061423618-8230fz-t67x67.jpg?e76cf77",
        "preview_url": "https://api.soundcloud.com/tracks/117725249/stream",
        "owner": 1,
        "track_number": 0,
        "play_count": 0,
        "source_type": "soundcloud",
        "artists": [],
        "source_id": "117725249"
    },
    "model": "radio_metadata.track",
    "pk": 6
},
{
    "fields": {
        "album": 3,
        "image_large": "https://i.scdn.co/image/6885bc64100c07ec425b6902eeb88c6c0fde6f89",
        "updated": "2014-09-02T16:17:47.543Z",
        "image_medium": "https://i.scdn.co/image/1d7d61949ae26f58ad37b1072b275db347893330",
        "duration_ms": 105293,
        "name": "Frozen Heart",
        "created": "2014-09-02T16:17:47.543Z",
        "image_small": "https://i.scdn.co/image/beb7351e372d9e208e48d7d8621a57bde06fdbc7",
        "preview_url": "https://p.scdn.co/mp3-preview/57b2680c4f1d48b67ab7218ac95f6d6f04ac027d",
        "owner": 1,
        "track_number": 1,
        "play_count": 0,
        "source_type": "spotify",
        "artists": [],
        "source_id": "0pLvr6YsKHnu8HmHKfrKOa"
    },
    "model": "radio_metadata.track",
    "pk": 7
},
{
    "fields": {
        "album": 3,
        "image_large": "https://i.scdn.co/image/6885bc64100c07ec425b6902eeb88c6c0fde6f89",
        "updated": "2014-09-02T16:17:55.007Z",
        "image_medium": "https://i.scdn.co/image/1d7d61949ae26f58ad37b1072b275db347893330",
        "duration_ms": 95986,
        "name": "Vuelie",
        "created": "2014-09-02T16:17:55.007Z",
        "image_small": "https://i.scdn.co/image/beb7351e372d9e208e48d7d8621a57bde06fdbc7",
        "preview_url": "https://p.scdn.co/mp3-preview/fa2e332c590d1599dd88df8e91f23af82a1740df",
        "owner": 1,
        "track_number": 11,
        "play_count": 0,
        "source_type": "spotify",
        "artists": [],
        "source_id": "0qnj9ufJJM6Xk4xuoyvHZp"
    },
    "model": "radio_metadata.track",
    "pk": 8
},
{
    "fields": {
        "album": 3,
        "image_large": "https://i.scdn.co/image/6885bc64100c07ec425b6902eeb88c6c0fde6f89",
        "updated": "2014-09-02T16:18:03.981Z",
        "image_medium": "https://i.scdn.co/image/1d7d61949ae26f58ad37b1072b275db347893330",
        "duration_ms": 223840,
        "name": "Let It Go",
        "created": "2014-09-02T16:18:03.981Z",
        "image_small": "https://i.scdn.co/image/beb7351e372d9e208e48d7d8621a57bde06fdbc7",
        "preview_url": "https://p.scdn.co/mp3-preview/8bd835a7e6ada78dce36ef9a7c0a3c08e6603e35",
        "owner": 1,
        "track_number": 5,
        "play_count": 0,
        "source_type": "spotify",
        "artists": [],
        "source_id": "600HVBpzF1WfBdaRwbEvLz"
    },
    "model": "radio_metadata.track",
    "pk": 9
},
{
    "fields": {
        "album": 3,
        "image_large": "https://i.scdn.co/image/6885bc64100c07ec425b6902eeb88c6c0fde6f89",
        "updated": "2014-09-02T16:18:11.289Z",
        "image_medium": "https://i.scdn.co/image/1d7d61949ae26f58ad37b1072b275db347893330",
        "duration_ms": 124733,
        "name": "Love Is an Open Door",
        "created": "2014-09-02T16:18:11.289Z",
        "image_small": "https://i.scdn.co/image/beb7351e372d9e208e48d7d8621a57bde06fdbc7",
        "preview_url": "https://p.scdn.co/mp3-preview/00199b22149af523273632fb539b159db4a084ae",
        "owner": 1,
        "track_number": 4,
        "play_count": 0,
        "source_type": "spotify",
        "artists": [],
        "source_id": "6PlHaDiKonFXoKz1Lbdn53"
    },
    "model": "radio_metadata.track",
    "pk": 10
},
{
    "fields": {
        "updated": "2014-09-02T16:22:05.237Z",
        "name": "Test Player",
        "created": "2014-09-02T16:22:05.237Z",
        "queue": 1,
        "owner": 3,
        "token": "b41bac6b-72fe-47fe-a984-79555c600a64",
        "location": "Belfast",
        "active": true
    },
    "model": "radio_players.player",
    "pk": 1
},
{
    "fields": {
        "updated": "2014-09-02T16:23:44.664Z",
        "name": "Passive Player",
        "created": "2014-09-02T16:23:44.664Z",
        "queue": 1,
        "owner": 4,
        "token": "63203407-ba72-4639-9a60-ef415db945aa",
        "location": "Bangor",
        "active": false
    },
    "model": "radio_players.player",
    "pk": 2
},
{
    "fields": {
        "updated": "2014-09-02T16:14:22.652Z",
        "name": "Test Playlist (Public)",
        "created": "2014-09-02T16:13:43.806Z",
        "protection": "public",
        "owner": 1,
        "description": "Public tester playlist"
    },
    "model": "radio_playlists.playlist",
    "pk": 1
},
{
    "fields": {
        "updated": "2014-09-02T16:14:03.890Z",
        "name": "Test Playlist (Private)",
        "created": "2014-09-02T16:14:03.890Z",
        "protection": "private",
        "owner": 3,
        "description": "Private tester playlist"
    },
    "model": "radio_playlists.playlist",
    "pk": 2
},
{
    "fields": {
        "playlist": 1,
        "created": "2014-09-02T16:18:16.715Z",
        "track": 1,
        "updated": "2014-09-02T16:18:16.715Z",
        "owner": 1,
        "position": 1
    },
    "model": "radio_playlists.playlisttrack",
    "pk": 1
},
{
    "fields": {
        "playlist": 1,
        "created": "2014-09-02T16:18:20.214Z",
        "track": 2,
        "updated": "2014-09-02T16:18:20.214Z",
        "owner": 1,
        "position": 2
    },
    "model": "radio_playlists.playlisttrack",
    "pk": 2
},
{
    "fields": {
        "playlist": 1,
        "created": "2014-09-02T16:18:24.149Z",
        "track": 3,
        "updated": "2014-09-02T16:18:24.150Z",
        "owner": 1,
        "position": 3
    },
    "model": "radio_playlists.playlisttrack",
    "pk": 3
},
{
    "fields": {
        "playlist": 1,
        "created": "2014-09-02T16:18:28.124Z",
        "track": 4,
        "updated": "2014-09-02T16:18:28.124Z",
        "owner": 1,
        "position": 4
    },
    "model": "radio_playlists.playlisttrack",
    "pk": 4
},
{
    "fields": {
        "playlist": 1,
        "created": "2014-09-02T16:18:32.217Z",
        "track": 5,
        "updated": "2014-09-02T16:18:32.217Z",
        "owner": 1,
        "position": 5
    },
    "model": "radio_playlists.playlisttrack",
    "pk": 5
},
{
    "fields": {
        "playlist": 1,
        "created": "2014-09-02T16:18:46.167Z",
        "track": 6,
        "updated": "2014-09-02T16:18:46.167Z",
        "owner": 1,
        "position": 6
    },
    "model": "radio_playlists.playlisttrack",
    "pk": 6
},
{
    "fields": {
        "playlist": 1,
        "created": "2014-09-02T16:18:49.417Z",
        "track": 7,
        "updated": "2014-09-02T16:18:49.417Z",
        "owner": 1,
        "position": 7
    },
    "model": "radio_playlists.playlisttrack",
    "pk": 7
},
{
    "fields": {
        "playlist": 1,
        "created": "2014-09-02T16:18:52.651Z",
        "track": 8,
        "updated": "2014-09-02T16:18:52.651Z",
        "owner": 1,
        "position": 8
    },
    "model": "radio_playlists.playlisttrack",
    "pk": 8
},
{
    "fields": {
        "playlist": 1,
        "created": "2014-09-02T16:18:55.629Z",
        "track": 9,
        "updated": "2014-09-02T16:18:55.629Z",
        "owner": 1,
        "position": 9
    },
    "model": "radio_playlists.playlisttrack",
    "pk": 9
},
{
    "fields": {
        "playlist": 1,
        "created": "2014-09-02T16:19:01.212Z",
        "track": 10,
        "updated": "2014-09-02T16:19:01.212Z",
        "owner": 1,
        "position": 10
    },
    "model": "radio_playlists.playlisttrack",
    "pk": 10
},
{
    "fields": {
        "playlist": 2,
        "created": "2014-09-02T16:20:01.802Z",
        "track": 1,
        "updated": "2014-09-02T16:20:01.802Z",
        "owner": 1,
        "position": 1
    },
    "model": "radio_playlists.playlisttrack",
    "pk": 11
},
{
    "fields": {
        "playlist": 2,
        "created": "2014-09-02T16:20:05.210Z",
        "track": 2,
        "updated": "2014-09-02T16:20:05.210Z",
        "owner": 1,
        "position": 2
    },
    "model": "radio_playlists.playlisttrack",
    "pk": 12
},
{
    "fields": {
        "playlist": 2,
        "created": "2014-09-02T16:20:08.424Z",
        "track": 3,
        "updated": "2014-09-02T16:20:08.424Z",
        "owner": 1,
        "position": 3
    },
    "model": "radio_playlists.playlisttrack",
    "pk": 13
},
{
    "fields": {
        "playlist": 2,
        "created": "2014-09-02T16:20:11.714Z",
        "track": 4,
        "updated": "2014-09-02T16:20:11.714Z",
        "owner": 1,
        "position": 4
    },
    "model": "radio_playlists.playlisttrack",
    "pk": 14
},
{
    "fields": {
        "owner": 1,
        "updated": "2014-09-02T16:15:03.325Z",
        "created": "2014-09-02T16:15:03.325Z",
        "name": "Test queue",
        "description": "Testing queue"
    },
    "model": "radio_queue.queue",
    "pk": 1
},
{
    "fields": {
        "owner": 1,
        "updated": "2014-09-02T16:15:03.325Z",
        "created": "2014-09-02T16:15:03.325Z",
        "name": "Another Test queue",
        "description": "Another Testing queue"
    },
    "model": "radio_queue.queue",
    "pk": 2
},
{
    "fields": {
        "updated": "2014-09-02T16:19:23.768Z",
        "created": "2014-09-02T16:19:23.767Z",
        "track": 1,
        "time_position": null,
        "queue": 1,
        "state": null,
        "owner": 1,
        "position": 1
    },
    "model": "radio_queue.queuetrack",
    "pk": 1
},
{
    "fields": {
        "updated": "2014-09-02T16:19:23.851Z",
        "created": "2014-09-02T16:19:23.851Z",
        "track": 2,
        "time_position": null,
        "queue": 1,
        "state": null,
        "owner": 1,
        "position": 2
    },
    "model": "radio_queue.queuetrack",
    "pk": 2
},
{
    "fields": {
        "updated": "2014-09-02T16:19:23.910Z",
        "created": "2014-09-02T16:19:23.910Z",
        "track": 3,
        "time_position": null,
        "queue": 1,
        "state": null,
        "owner": 1,
        "position": 3
    },
    "model": "radio_queue.queuetrack",
    "pk": 3
},
{
    "fields": {
        "updated": "2014-09-02T16:19:23.957Z",
        "created": "2014-09-02T16:19:23.957Z",
        "track": 4,
        "time_position": null,
        "queue": 1,
        "state": null,
        "owner": 1,
        "position": 4
    },
    "model": "radio_queue.queuetrack",
    "pk": 4
},
{
    "fields": {
        "updated": "2014-09-02T16:19:24.013Z",
        "created": "2014-09-02T16:19:24.013Z",
        "track": 5,
        "time_position": null,
        "queue": 1,
        "state": null,
        "owner": 1,
        "position": 5
    },
    "model": "radio_queue.queuetrack",
    "pk": 5
},
{
    "fields": {
        "updated": "2014-09-02T16:19:24.060Z",
        "created": "2014-09-02T16:19:24.060Z",
        "track": 6,
        "time_position": null,
        "queue": 1,
        "state": null,
        "owner": 1,
        "position": 6
    },
    "model": "radio_queue.queuetrack",
    "pk": 6
},
{
    "fields": {
        "updated": "2014-09-02T16:19:24.114Z",
        "created": "2014-09-02T16:19:24.114Z",
        "track": 7,
        "time_position": null,
        "queue": 1,
        "state": null,
        "owner": 1,
        "position": 7
    },
    "model": "radio_queue.queuetrack",
    "pk": 7
},
{
    "fields": {
        "updated": "2014-09-02T16:19:24.198Z",
        "created": "2014-09-02T16:19:24.198Z",
        "track": 8,
        "time_position": null,
        "queue": 1,
        "state": null,
        "owner": 1,
        "position": 8
    },
    "model": "radio_queue.queuetrack",
    "pk": 8
},
{
    "fields": {
        "updated": "2014-09-02T16:19:24.247Z",
        "created": "2014-09-02T16:19:24.247Z",
        "track": 9,
        "time_position": null,
        "queue": 1,
        "state": null,
        "owner": 1,
        "position": 9
    },
    "model": "radio_queue.queuetrack",
    "pk": 9
},
{
    "fields": {
        "updated": "2014-09-02T16:19:24.331Z",
        "created": "2014-09-02T16:19:24.330Z",
        "track": 10,
        "time_position": null,
        "queue": 1,
        "state": null,
        "owner": 1,
        "position": 10
    },
    "model": "radio_queue.queuetrack",
    "pk": 10
},
{
    "fields": {
        "track": 1,
        "queue": 1,
        "owner": 1,
        "created": "2014-09-02T16:19:23.800Z"
    },
    "model": "radio_queue.queuetrackhistory",
    "pk": 1
},
{
    "fields": {
        "track": 2,
        "queue": 1,
        "owner": 1,
        "created": "2014-09-02T16:19:23.866Z"
    },
    "model": "radio_queue.queuetrackhistory",
    "pk": 2
},
{
    "fields": {
        "track": 3,
        "queue": 1,
        "owner": 1,
        "created": "2014-09-02T16:19:23.924Z"
    },
    "model": "radio_queue.queuetrackhistory",
    "pk": 3
},
{
    "fields": {
        "track": 4,
        "queue": 1,
        "owner": 1,
        "created": "2014-09-02T16:19:23.966Z"
    },
    "model": "radio_queue.queuetrackhistory",
    "pk": 4
},
{
    "fields": {
        "track": 5,
        "queue": 1,
        "owner": 1,
        "created": "2014-09-02T16:19:24.025Z"
    },
    "model": "radio_queue.queuetrackhistory",
    "pk": 5
},
{
    "fields": {
        "track": 6,
        "queue": 1,
        "owner": 1,
        "created": "2014-09-02T16:19:24.074Z"
    },
    "model": "radio_queue.queuetrackhistory",
    "pk": 6
},
{
    "fields": {
        "track": 7,
        "queue": 1,
        "owner": 1,
        "created": "2014-09-02T16:19:24.125Z"
    },
    "model": "radio_queue.queuetrackhistory",
    "pk": 7
},
{
    "fields": {
        "track": 8,
        "queue": 1,
        "owner": 1,
        "created": "2014-09-02T16:19:24.208Z"
    },
    "model": "radio_queue.queuetrackhistory",
    "pk": 8
},
{
    "fields": {
        "track": 9,
        "queue": 1,
        "owner": 1,
        "created": "2014-09-02T16:19:24.266Z"
    },
    "model": "radio_queue.queuetrackhistory",
    "pk": 9
},
{
    "fields": {
        "track": 10,
        "queue": 1,
        "owner": 1,
        "created": "2014-09-02T16:19:24.341Z"
    },
    "model": "radio_queue.queuetrackhistory",
    "pk": 10
},
{
    "fields": {
        "action_flag": 1,
        "action_time": "2014-09-02T16:22:05.247Z",
        "object_repr": "Belfast - Test Player",
        "object_id": "1",
        "change_message": "",
        "user": 1,
        "content_type": 10
    },
    "model": "admin.logentry",
    "pk": 1
},
{
    "fields": {
        "action_flag": 1,
        "action_time": "2014-09-02T16:23:44.671Z",
        "object_repr": "Bangor - Passive Player",
        "object_id": "2",
        "change_message": "",
        "user": 1,
        "content_type": 10
    },
    "model": "admin.logentry",
    "pk": 2
}
]
